<?xml version="1.0" encoding="UTF-8"?>
<metadata xml:lang="en"><Esri><CreaDate>20210524</CreaDate><CreaTime>08261600</CreaTime><ArcGISFormat>1.0</ArcGISFormat><SyncOnce>TRUE</SyncOnce><DataProperties><lineage><Process ToolSource="c:\program files\arcgis\pro\Resources\ArcToolbox\Toolboxes\Data Management Tools.tbx\CopyMultiple" Date="20210524" Time="082616">CopyMultiple "C:\temp\PA_RiskAssesment\PA_Data\Sirens.shp shapefile_point;C:\temp\PA_RiskAssesment\PA_Data\Properties.shp shapefile_polygon;C:\temp\PA_RiskAssesment\PA_Data\CityBoundaries.shp shapefile_line;C:\temp\PA_RiskAssesment\PA_Data\Shetlers.csv text_csv" C:\temp\PA_RiskAssesment\Lab3_Data Sirens;Properties;CityBoundaries;Shetlers "Sirens FeatureClass Sirens.shp #;Properties FeatureClass Properties.shp #;CityBoundaries FeatureClass CityBoundaries.shp #"</Process></lineage></DataProperties></Esri></metadata>
