<?xml version="1.0" encoding="UTF-8"?>
<metadata xml:lang="en"><Esri><CreaDate>20210524</CreaDate><CreaTime>16101000</CreaTime><ArcGISFormat>1.0</ArcGISFormat><SyncOnce>FALSE</SyncOnce><DataProperties><itemProps><itemName Sync="TRUE">Waterbodies_PA</itemName><imsContentType Sync="TRUE">002</imsContentType><itemLocation><linkage Sync="TRUE">file://\\DESKTOP-K37FCPE\C$\GEOB270\2021_S1\Labs\Lab3_Project\PA_Data\Waterbodies</linkage><protocol Sync="TRUE">Local Area Network</protocol></itemLocation><itemSize Sync="TRUE">0.000</itemSize></itemProps><coordRef><type Sync="TRUE">Projected</type><geogcsn Sync="TRUE">GCS_WGS_1984</geogcsn><csUnits Sync="TRUE">Linear Unit: Meter (1.000000)</csUnits><projcsn Sync="TRUE">WGS_1984_Web_Mercator_Auxiliary_Sphere</projcsn><peXml Sync="TRUE">&lt;ProjectedCoordinateSystem xsi:type='typens:ProjectedCoordinateSystem' xmlns:xsi='http://www.w3.org/2001/XMLSchema-instance' xmlns:xs='http://www.w3.org/2001/XMLSchema' xmlns:typens='http://www.esri.com/schemas/ArcGIS/10.6'&gt;&lt;WKT&gt;PROJCS[&amp;quot;WGS_1984_Web_Mercator_Auxiliary_Sphere&amp;quot;,GEOGCS[&amp;quot;GCS_WGS_1984&amp;quot;,DATUM[&amp;quot;D_WGS_1984&amp;quot;,SPHEROID[&amp;quot;WGS_1984&amp;quot;,6378137.0,298.257223563]],PRIMEM[&amp;quot;Greenwich&amp;quot;,0.0],UNIT[&amp;quot;Degree&amp;quot;,0.0174532925199433]],PROJECTION[&amp;quot;Mercator_Auxiliary_Sphere&amp;quot;],PARAMETER[&amp;quot;False_Easting&amp;quot;,0.0],PARAMETER[&amp;quot;False_Northing&amp;quot;,0.0],PARAMETER[&amp;quot;Central_Meridian&amp;quot;,0.0],PARAMETER[&amp;quot;Standard_Parallel_1&amp;quot;,0.0],PARAMETER[&amp;quot;Auxiliary_Sphere_Type&amp;quot;,0.0],UNIT[&amp;quot;Meter&amp;quot;,1.0],AUTHORITY[&amp;quot;EPSG&amp;quot;,3857]]&lt;/WKT&gt;&lt;XOrigin&gt;-20037700&lt;/XOrigin&gt;&lt;YOrigin&gt;-30241100&lt;/YOrigin&gt;&lt;XYScale&gt;148923141.92838538&lt;/XYScale&gt;&lt;ZOrigin&gt;-100000&lt;/ZOrigin&gt;&lt;ZScale&gt;10000&lt;/ZScale&gt;&lt;MOrigin&gt;-100000&lt;/MOrigin&gt;&lt;MScale&gt;10000&lt;/MScale&gt;&lt;XYTolerance&gt;0.001&lt;/XYTolerance&gt;&lt;ZTolerance&gt;0.001&lt;/ZTolerance&gt;&lt;MTolerance&gt;0.001&lt;/MTolerance&gt;&lt;HighPrecision&gt;true&lt;/HighPrecision&gt;&lt;WKID&gt;102100&lt;/WKID&gt;&lt;LatestWKID&gt;3857&lt;/LatestWKID&gt;&lt;/ProjectedCoordinateSystem&gt;</peXml></coordRef><lineage><Process ToolSource="d:\program files (x86)\arcgis\desktop10.5\ArcToolbox\Toolboxes\Analysis Tools.tbx\Clip" Date="20171220" Time="141120">Clip Census2016_CoastalWaters StudyAreaBoundaries "d:\GIS\PostDoc Research\2016 Update\PortAlberni_2016Update.gdb\BaseMapLayers\Census2016_CoastalWaters" #</Process><Process ToolSource="d:\program files (x86)\arcgis\desktop10.5\ArcToolbox\Toolboxes\Data Management Tools.tbx\Merge" Date="20171220" Time="143637">Merge 'Census2016_CoastalWaters selection';'Census2016_Waterbodies selection' "d:\GIS\PostDoc Research\2016 Update\PortAlberni_Scratch.gdb\CombinedWaters" "HYDROUID "HYDROUID" true true false 7 Text 0 0 ,First,#,Census2016_CoastalWaters selection,HYDROUID,-1,-1,Census2016_Waterbodies selection,HYDROUID,-1,-1;NAME "NAME" true true false 120 Text 0 0 ,First,#,Census2016_CoastalWaters selection,NAME,-1,-1,Census2016_Waterbodies selection,NAME,-1,-1;PRUID "PRUID" true true false 2 Text 0 0 ,First,#,Census2016_CoastalWaters selection,PRUID,-1,-1,Census2016_Waterbodies selection,PRUID,-1,-1;Shape_Length "Shape_Length" false true true 8 Double 0 0 ,First,#,Census2016_CoastalWaters selection,Shape_Length,-1,-1,Census2016_Waterbodies selection,Shape_Length,-1,-1;Shape_Area "Shape_Area" false true true 8 Double 0 0 ,First,#,Census2016_CoastalWaters selection,Shape_Area,-1,-1,Census2016_Waterbodies selection,Shape_Area,-1,-1"</Process><Process ToolSource="d:\program files (x86)\arcgis\desktop10.5\ArcToolbox\Toolboxes\Data Management Tools.tbx\Dissolve" Date="20171220" Time="143711">Dissolve CombinedWaters "d:\GIS\PostDoc Research\2016 Update\PortAlberni_2016Update.gdb\BaseMapLayers\MajorWaters_PA" # # MULTI_PART DISSOLVE_LINES</Process><Process ToolSource="d:\program files (x86)\arcgis\desktop10.6\ArcToolbox\Toolboxes\Conversion Tools.tbx\FeatureClassToFeatureClass" Date="20180710" Time="082545">FeatureClassToFeatureClass "D:\GIS\PostDoc Research\2016 Update\PortAlberni_2016Update.gdb\BaseMapLayers\MajorWaters_PA" "D:\GIS\Lab Exercises\VSP\GIS Lab #1\Data\VSP2018-Lab1-Data.gdb\BaseMapLayers" Waterbodies # "Shape_Length "Shape_Length" false true true 8 Double 0 0 ,First,#,D:\GIS\PostDoc Research\2016 Update\PortAlberni_2016Update.gdb\BaseMapLayers\MajorWaters_PA,Shape_Length,-1,-1;Shape_Area "Shape_Area" false true true 8 Double 0 0 ,First,#,D:\GIS\PostDoc Research\2016 Update\PortAlberni_2016Update.gdb\BaseMapLayers\MajorWaters_PA,Shape_Area,-1,-1" #</Process><Process ToolSource="d:\program files (x86)\arcgis\desktop10.6\ArcToolbox\Toolboxes\Conversion Tools.tbx\FeatureClassToFeatureClass" Date="20180712" Time="093437">FeatureClassToFeatureClass "D:\GIS\Lab Exercises\VSP\GIS Lab #1\Data\VSP2018-Lab1-Data.gdb\BaseMapLayers\Waterbodies" "D:\GIS\Lab Exercises\VSP\GIS Lab #0\Lab 0 Data\Lab 0 Shapefiles" Waterbodies_PA.shp # "Shape_Leng "Shape_Leng" false true true 8 Double 0 0 ,First,#,D:\GIS\Lab Exercises\VSP\GIS Lab #1\Data\VSP2018-Lab1-Data.gdb\BaseMapLayers\Waterbodies,Shape_Length,-1,-1;Shape_Area "Shape_Area" false true true 8 Double 0 0 ,First,#,D:\GIS\Lab Exercises\VSP\GIS Lab #1\Data\VSP2018-Lab1-Data.gdb\BaseMapLayers\Waterbodies,Shape_Area,-1,-1" #</Process><Process ToolSource="c:\program files\arcgis\pro\Resources\ArcToolbox\toolboxes\Data Management Tools.tbx\Copy" Date="20210307" Time="145853">Copy C:\GEOB270\Lab1\Shapefiles\Waterbodies.shp C:\temp\PA_RiskAssesment\PA_Data\Waterbodies.shp Shapefile #</Process><Process ToolSource="c:\program files\arcgis\pro\Resources\ArcToolbox\toolboxes\Data Management Tools.tbx\Copy" Date="20210524" Time="161010">Copy C:\temp\PA_RiskAssesment\PA_Data\Waterbodies.shp C:\GEOB270\2021_S1\Labs\Lab3_Project\PA_Data\Waterbodies.shp Shapefile #</Process></lineage><copyHistory><copy source="C:\temp\PA_RiskAssesment\PA_Data\Waterbodies" dest="\\DESKTOP-K37FCPE\C$\GEOB270\2021_S1\Labs\Lab3_Project\PA_Data\Waterbodies" date="20210524" time="16101000"></copy></copyHistory></DataProperties><SyncDate>20180712</SyncDate><SyncTime>09343700</SyncTime><ModDate>20180712</ModDate><ModTime>09343700</ModTime></Esri><dataIdInfo><envirDesc Sync="TRUE"> Version 6.2 (Build 9200) ; Esri ArcGIS 10.6.0.8321</envirDesc><dataLang><languageCode value="eng" Sync="TRUE"></languageCode><countryCode value="USA" Sync="TRUE"></countryCode></dataLang><idCitation><resTitle Sync="TRUE">Waterbodies_PA</resTitle><presForm><PresFormCd value="005" Sync="TRUE"></PresFormCd></presForm></idCitation><spatRpType><SpatRepTypCd value="001" Sync="TRUE"></SpatRepTypCd></spatRpType></dataIdInfo><mdLang><languageCode value="eng" Sync="TRUE"></languageCode><countryCode value="USA" Sync="TRUE"></countryCode></mdLang><distInfo><distFormat><formatName Sync="TRUE">Shapefile</formatName></distFormat><distTranOps><transSize Sync="TRUE">0.000</transSize></distTranOps></distInfo><mdHrLv><ScopeCd value="005" Sync="TRUE"></ScopeCd></mdHrLv><mdHrLvName Sync="TRUE">dataset</mdHrLvName><refSysInfo><RefSystem><refSysID><identCode code="3857" Sync="TRUE"></identCode><idCodeSpace Sync="TRUE">EPSG</idCodeSpace><idVersion Sync="TRUE">8.8(9.3.1.2)</idVersion></refSysID></RefSystem></refSysInfo><spatRepInfo><VectSpatRep><geometObjs Name="Waterbodies_PA"><geoObjTyp><GeoObjTypCd value="002" Sync="TRUE"></GeoObjTypCd></geoObjTyp><geoObjCnt Sync="TRUE">0</geoObjCnt></geometObjs><topLvl><TopoLevCd value="001" Sync="TRUE"></TopoLevCd></topLvl></VectSpatRep></spatRepInfo><spdoinfo><ptvctinf><esriterm Name="Waterbodies_PA"><efeatyp Sync="TRUE">Simple</efeatyp><efeageom code="4" Sync="TRUE"></efeageom><esritopo Sync="TRUE">FALSE</esritopo><efeacnt Sync="TRUE">0</efeacnt><spindex Sync="TRUE">FALSE</spindex><linrefer Sync="TRUE">FALSE</linrefer></esriterm></ptvctinf></spdoinfo><eainfo><detailed Name="Waterbodies_PA"><enttyp><enttypl Sync="TRUE">Waterbodies_PA</enttypl><enttypt Sync="TRUE">Feature Class</enttypt><enttypc Sync="TRUE">0</enttypc></enttyp><attr><attrlabl Sync="TRUE">FID</attrlabl><attalias Sync="TRUE">FID</attalias><attrtype Sync="TRUE">OID</attrtype><attwidth Sync="TRUE">4</attwidth><atprecis Sync="TRUE">0</atprecis><attscale Sync="TRUE">0</attscale><attrdef Sync="TRUE">Internal feature number.</attrdef><attrdefs Sync="TRUE">Esri</attrdefs><attrdomv><udom Sync="TRUE">Sequential unique whole numbers that are automatically generated.</udom></attrdomv></attr><attr><attrlabl Sync="TRUE">Shape</attrlabl><attalias Sync="TRUE">Shape</attalias><attrtype Sync="TRUE">Geometry</attrtype><attwidth Sync="TRUE">0</attwidth><atprecis Sync="TRUE">0</atprecis><attscale Sync="TRUE">0</attscale><attrdef Sync="TRUE">Feature geometry.</attrdef><attrdefs Sync="TRUE">Esri</attrdefs><attrdomv><udom Sync="TRUE">Coordinates defining the features.</udom></attrdomv></attr><attr><attrlabl Sync="TRUE">Shape_Leng</attrlabl><attalias Sync="TRUE">Shape_Leng</attalias><attrtype Sync="TRUE">Double</attrtype><attwidth Sync="TRUE">19</attwidth><atprecis Sync="TRUE">0</atprecis><attscale Sync="TRUE">0</attscale></attr><attr><attrlabl Sync="TRUE">Shape_Area</attrlabl><attalias Sync="TRUE">Shape_Area</attalias><attrtype Sync="TRUE">Double</attrtype><attwidth Sync="TRUE">19</attwidth><atprecis Sync="TRUE">0</atprecis><attscale Sync="TRUE">0</attscale><attrdef Sync="TRUE">Area of feature in internal units squared.</attrdef><attrdefs Sync="TRUE">Esri</attrdefs><attrdomv><udom Sync="TRUE">Positive real numbers that are automatically generated.</udom></attrdomv></attr></detailed></eainfo><mdDateSt Sync="TRUE">20180712</mdDateSt></metadata>
