<?xml version="1.0" encoding="UTF-8"?>
<metadata xml:lang="en"><Esri><CreaDate>20210524</CreaDate><CreaTime>15593000</CreaTime><ArcGISFormat>1.0</ArcGISFormat><SyncOnce>TRUE</SyncOnce><DataProperties><lineage><Process ToolSource="c:\program files\arcgis\pro\Resources\ArcToolbox\toolboxes\Data Management Tools.tbx\Copy" Date="20210524" Time="155930">Copy C:\temp\PA_RiskAssesment\PA_Data\ZoningCodes.csv C:\GEOB270\2021_S1\Labs\Lab3_Project\PA_Data\ZoningCodes.csv # #</Process></lineage></DataProperties></Esri></metadata>
